Date, Name, Value, ChangePer
9:34 AM EST 11/18/19, MSFT, 149.8704, -0.07%
9:34 AM EST 11/18/19, AMZN, 1733.1116, -0.37%
9:34 AM EST 11/18/19, GOOGL, 1327.75, -0.43%
9:35 AM EST 11/18/19, MSFT, 149.92, -0.03%
9:35 AM EST 11/18/19, AMZN, 1733.7899, -0.33%
9:35 AM EST 11/18/19, GOOGL, 1326.9845, -0.49%
9:37 AM EST 11/18/19, MSFT, 149.73, -0.16%
9:37 AM EST 11/18/19, GOOGL, 1325.195, -0.63%
9:38 AM EST 11/18/19, MSFT, 149.70, -0.18%
9:39 AM EST 11/18/19, AMZN, 1731.12, -0.48%
9:39 AM EST 11/18/19, GOOGL, 1323.27, -0.77%
9:40 AM EST 11/18/19, MSFT, 149.46, -0.34%
9:40 AM EST 11/18/19, AMZN, 1729.11, -0.60%
9:41 AM EST 11/18/19, GOOGL, 1322.77, -0.81%
9:42 AM EST 11/18/19, MSFT, 149.39, -0.39%
9:42 AM EST 11/18/19, AMZN, 1727.80, -0.67%
9:42 AM EST 11/18/19, GOOGL, 1320.835, -0.95%
9:44 AM EST 11/18/19, MSFT, 149.22, -0.50%
9:44 AM EST 11/18/19, AMZN, 1723.57, -0.92%
9:44 AM EST 11/18/19, GOOGL, 1318.08, -1.16%
9:46 AM EST 11/18/19, MSFT, 149.50, -0.31%
9:47 AM EST 11/18/19, MSFT, 149.46, -0.34%
9:48 AM EST 11/18/19, AMZN, 1725.6407, -0.80%
9:48 AM EST 11/18/19, GOOGL, 1321.59, -0.90%
9:49 AM EST 11/18/19, MSFT, 149.504, -0.31%
9:49 AM EST 11/18/19, AMZN, 1728.59, -0.63%
9:50 AM EST 11/18/19, GOOGL, 1322.0775, -0.86%
9:51 AM EST 11/18/19, MSFT, 149.4952, -0.32%
9:51 AM EST 11/18/19, AMZN, 1727.5068, -0.69%
9:51 AM EST 11/18/19, GOOGL, 1322.38, -0.84%
9:53 AM EST 11/18/19, MSFT, 149.57, -0.27%
9:53 AM EST 11/18/19, AMZN, 1728.34, -0.64%
9:53 AM EST 11/18/19, GOOGL, 1323.265, -0.77%
9:55 AM EST 11/18/19, MSFT, 149.54, -0.29%
9:55 AM EST 11/18/19, AMZN, 1728.51, -0.63%
9:55 AM EST 11/18/19, GOOGL, 1321.50, -0.90%
9:57 AM EST 11/18/19, MSFT, 149.53, -0.29%
9:57 AM EST 11/18/19, AMZN, 1729.675, -0.56%
9:57 AM EST 11/18/19, GOOGL, 1321.63, -0.89%
9:58 AM EST 11/18/19, MSFT, 149.385, -0.39%
9:58 AM EST 11/18/19, AMZN, 1730.44, -0.52%
9:59 AM EST 11/18/19, GOOGL, 1323.045, -0.79%
10:00 AM EST 11/18/19, MSFT, 149.36, -0.41%
10:00 AM EST 11/18/19, AMZN, 1731.06, -0.48%
10:01 AM EST 11/18/19, GOOGL, 1323.215, -0.77%
10:02 AM EST 11/18/19, MSFT, 149.37, -0.40%
10:02 AM EST 11/18/19, AMZN, 1732.70, -0.39%
10:02 AM EST 11/18/19, GOOGL, 1323.55, -0.75%
10:04 AM EST 11/18/19, MSFT, 149.27, -0.47%
10:04 AM EST 11/18/19, AMZN, 1732.60, -0.40%
10:04 AM EST 11/18/19, GOOGL, 1323.5036, -0.75%
10:05 AM EST 11/18/19, MSFT, 149.22, -0.50%
10:05 AM EST 11/18/19, AMZN, 1731.94, -0.43%
10:05 AM EST 11/18/19, GOOGL, 1324.125, -0.71%
10:06 AM EST 11/18/19, MSFT, 149.2052, -0.51%
10:06 AM EST 11/18/19, AMZN, 1731.7867, -0.44%
10:06 AM EST 11/18/19, GOOGL, 1323.47, -0.76%
10:08 AM EST 11/18/19, MSFT, 149.16, -0.54%
10:08 AM EST 11/18/19, AMZN, 1729.8595, -0.55%
10:07 AM EST 11/18/19, GOOGL, 1322.95, -0.79%
10:09 AM EST 11/18/19, MSFT, 149.1014, -0.58%
10:09 AM EST 11/18/19, AMZN, 1729.85, -0.55%
10:09 AM EST 11/18/19, GOOGL, 1322.75, -0.81%
10:10 AM EST 11/18/19, MSFT, 149.155, -0.54%
10:10 AM EST 11/18/19, AMZN, 1730.52, -0.52%
10:10 AM EST 11/18/19, GOOGL, 1321.9695, -0.87%
10:11 AM EST 11/18/19, MSFT, 149.185, -0.52%
10:11 AM EST 11/18/19, AMZN, 1731.84, -0.44%
10:11 AM EST 11/18/19, GOOGL, 1322.385, -0.84%
10:12 AM EST 11/18/19, MSFT, 149.205, -0.51%
10:12 AM EST 11/18/19, AMZN, 1732.605, -0.40%
10:12 AM EST 11/18/19, GOOGL, 1323.13, -0.78%
10:13 AM EST 11/18/19, MSFT, 149.207, -0.51%
10:13 AM EST 11/18/19, AMZN, 1733.5366, -0.34%
10:13 AM EST 11/18/19, GOOGL, 1322.65, -0.82%
10:15 AM EST 11/18/19, MSFT, 149.20, -0.51%
10:15 AM EST 11/18/19, AMZN, 1733.135, -0.37%
10:15 AM EST 11/18/19, GOOGL, 1321.407, -0.91%
10:16 AM EST 11/18/19, MSFT, 149.17, -0.53%
10:16 AM EST 11/18/19, AMZN, 1731.74, -0.45%
10:16 AM EST 11/18/19, GOOGL, 1320.77, -0.96%
10:17 AM EST 11/18/19, MSFT, 149.11, -0.57%
10:17 AM EST 11/18/19, AMZN, 1731.10, -0.48%
10:16 AM EST 11/18/19, GOOGL, 1319.8077, -1.03%
10:18 AM EST 11/18/19, MSFT, 149.228, -0.49%
10:18 AM EST 11/18/19, AMZN, 1732.1794, -0.42%
10:18 AM EST 11/18/19, GOOGL, 1319.86, -1.03%
10:19 AM EST 11/18/19, MSFT, 149.20, -0.51%
10:19 AM EST 11/18/19, AMZN, 1732.305, -0.41%
10:19 AM EST 11/18/19, GOOGL, 1319.69, -1.04%
10:20 AM EST 11/18/19, MSFT, 149.21, -0.51%
10:20 AM EST 11/18/19, AMZN, 1732.3765, -0.41%
10:20 AM EST 11/18/19, GOOGL, 1320.29, -0.99%
10:21 AM EST 11/18/19, MSFT, 149.20, -0.51%
10:21 AM EST 11/18/19, AMZN, 1734.41, -0.29%
10:20 AM EST 11/18/19, GOOGL, 1320.29, -0.99%
10:23 AM EST 11/18/19, MSFT, 149.20, -0.51%
10:22 AM EST 11/18/19, AMZN, 1734.34, -0.30%
10:22 AM EST 11/18/19, GOOGL, 1320.5663, -0.97%
10:24 AM EST 11/18/19, MSFT, 149.17, -0.53%
10:24 AM EST 11/18/19, AMZN, 1735.195, -0.25%
10:23 AM EST 11/18/19, GOOGL, 1320.42, -0.98%
10:25 AM EST 11/18/19, MSFT, 149.14, -0.55%
10:25 AM EST 11/18/19, AMZN, 1734.9915, -0.26%
10:25 AM EST 11/18/19, GOOGL, 1320.26, -1.00%
10:26 AM EST 11/18/19, MSFT, 149.16, -0.54%
10:26 AM EST 11/18/19, AMZN, 1734.1122, -0.31%
10:26 AM EST 11/18/19, GOOGL, 1320.4522, -0.98%
10:27 AM EST 11/18/19, MSFT, 149.20, -0.51%
10:27 AM EST 11/18/19, AMZN, 1734.903, -0.26%
10:27 AM EST 11/18/19, GOOGL, 1320.65, -0.97%
10:28 AM EST 11/18/19, MSFT, 149.125, -0.56%
10:28 AM EST 11/18/19, AMZN, 1734.43, -0.29%
10:28 AM EST 11/18/19, GOOGL, 1320.46, -0.98%
10:29 AM EST 11/18/19, MSFT, 149.145, -0.55%
10:29 AM EST 11/18/19, AMZN, 1733.975, -0.32%
10:29 AM EST 11/18/19, GOOGL, 1319.95, -1.02%
10:30 AM EST 11/18/19, MSFT, 149.17, -0.53%
10:30 AM EST 11/18/19, AMZN, 1735.31, -0.24%
10:30 AM EST 11/18/19, GOOGL, 1320.045, -1.01%
10:32 AM EST 11/18/19, MSFT, 149.1426, -0.55%
10:31 AM EST 11/18/19, AMZN, 1737.98, -0.09%
10:31 AM EST 11/18/19, GOOGL, 1321.61, -0.89%
10:33 AM EST 11/18/19, MSFT, 149.1211, -0.57%
10:33 AM EST 11/18/19, AMZN, 1739.56, 0.00%
10:33 AM EST 11/18/19, GOOGL, 1320.72, -0.96%
10:34 AM EST 11/18/19, MSFT, 149.11, -0.57%
10:34 AM EST 11/18/19, AMZN, 1740.00, 0.03%
10:34 AM EST 11/18/19, GOOGL, 1320.93, -0.95%
10:35 AM EST 11/18/19, MSFT, 149.17, -0.53%
10:35 AM EST 11/18/19, AMZN, 1741.5323, 0.12%
10:35 AM EST 11/18/19, GOOGL, 1321.14, -0.93%
10:36 AM EST 11/18/19, MSFT, 149.17, -0.53%
10:36 AM EST 11/18/19, AMZN, 1743.165, 0.21%
10:36 AM EST 11/18/19, GOOGL, 1320.96, -0.94%
10:37 AM EST 11/18/19, MSFT, 149.10, -0.58%
10:38 AM EST 11/18/19, AMZN, 1741.7195, 0.13%
10:37 AM EST 11/18/19, GOOGL, 1320.84, -0.95%
10:39 AM EST 11/18/19, MSFT, 149.05, -0.61%
10:39 AM EST 11/18/19, AMZN, 1741.4753, 0.11%
10:39 AM EST 11/18/19, GOOGL, 1320.0775, -1.01%
10:40 AM EST 11/18/19, MSFT, 149.17, -0.53%
10:40 AM EST 11/18/19, AMZN, 1742.41, 0.17%
10:39 AM EST 11/18/19, GOOGL, 1321.165, -0.93%
10:41 AM EST 11/18/19, MSFT, 149.188, -0.52%
10:41 AM EST 11/18/19, AMZN, 1743.50, 0.23%
10:41 AM EST 11/18/19, GOOGL, 1321.99, -0.87%
10:42 AM EST 11/18/19, MSFT, 149.29, -0.45%
10:42 AM EST 11/18/19, AMZN, 1742.5926, 0.18%
10:41 AM EST 11/18/19, GOOGL, 1321.88, -0.87%
10:43 AM EST 11/18/19, MSFT, 149.3302, -0.43%
10:43 AM EST 11/18/19, AMZN, 1743.458, 0.23%
10:43 AM EST 11/18/19, GOOGL, 1322.1625, -0.85%
10:44 AM EST 11/18/19, MSFT, 149.4105, -0.37%
10:44 AM EST 11/18/19, AMZN, 1745.1339, 0.32%
10:44 AM EST 11/18/19, GOOGL, 1322.90, -0.80%
10:46 AM EST 11/18/19, MSFT, 149.48, -0.33%
10:45 AM EST 11/18/19, AMZN, 1745.25, 0.33%
10:46 AM EST 11/18/19, GOOGL, 1322.375, -0.84%
10:47 AM EST 11/18/19, MSFT, 149.43, -0.36%
10:47 AM EST 11/18/19, AMZN, 1744.995, 0.32%
10:47 AM EST 11/18/19, GOOGL, 1322.705, -0.81%
10:48 AM EST 11/18/19, MSFT, 149.421, -0.37%
10:47 AM EST 11/18/19, AMZN, 1745.46, 0.34%
10:48 AM EST 11/18/19, GOOGL, 1321.425, -0.91%
10:49 AM EST 11/18/19, MSFT, 149.4362, -0.36%
10:49 AM EST 11/18/19, AMZN, 1745.3314, 0.34%
10:49 AM EST 11/18/19, GOOGL, 1321.93, -0.87%
10:50 AM EST 11/18/19, MSFT, 149.455, -0.34%
10:50 AM EST 11/18/19, AMZN, 1746.3756, 0.40%
10:50 AM EST 11/18/19, GOOGL, 1323.10, -0.78%
10:51 AM EST 11/18/19, MSFT, 149.48, -0.33%
10:51 AM EST 11/18/19, AMZN, 1747.38, 0.45%
10:51 AM EST 11/18/19, GOOGL, 1323.53, -0.75%
10:53 AM EST 11/18/19, MSFT, 149.45, -0.35%
10:53 AM EST 11/18/19, AMZN, 1747.50, 0.46%
10:53 AM EST 11/18/19, GOOGL, 1323.1629, -0.78%
10:54 AM EST 11/18/19, MSFT, 149.44, -0.35%
10:54 AM EST 11/18/19, AMZN, 1747.0916, 0.44%
10:53 AM EST 11/18/19, GOOGL, 1323.40, -0.76%
10:55 AM EST 11/18/19, MSFT, 149.455, -0.34%
10:55 AM EST 11/18/19, AMZN, 1747.19, 0.44%
10:55 AM EST 11/18/19, GOOGL, 1321.955, -0.87%
10:56 AM EST 11/18/19, MSFT, 149.4161, -0.37%
10:56 AM EST 11/18/19, AMZN, 1746.62, 0.41%
10:56 AM EST 11/18/19, GOOGL, 1321.515, -0.90%
10:57 AM EST 11/18/19, MSFT, 149.44, -0.35%
10:57 AM EST 11/18/19, AMZN, 1744.7152, 0.30%
10:57 AM EST 11/18/19, GOOGL, 1321.425, -0.91%
10:58 AM EST 11/18/19, MSFT, 149.44, -0.35%
10:58 AM EST 11/18/19, AMZN, 1744.23, 0.27%
10:58 AM EST 11/18/19, GOOGL, 1320.87, -0.95%
10:59 AM EST 11/18/19, MSFT, 149.4381, -0.35%
10:59 AM EST 11/18/19, AMZN, 1743.15, 0.21%
10:59 AM EST 11/18/19, GOOGL, 1320.27, -1.00%
11:01 AM EST 11/18/19, MSFT, 149.44, -0.35%
11:01 AM EST 11/18/19, AMZN, 1742.98, 0.20%
11:00 AM EST 11/18/19, GOOGL, 1320.555, -0.97%
11:02 AM EST 11/18/19, MSFT, 149.39, -0.39%
11:01 AM EST 11/18/19, AMZN, 1742.22, 0.16%
11:02 AM EST 11/18/19, GOOGL, 1319.93, -1.02%
11:03 AM EST 11/18/19, MSFT, 149.4177, -0.37%
11:03 AM EST 11/18/19, AMZN, 1743.30, 0.22%
11:03 AM EST 11/18/19, GOOGL, 1321.125, -0.93%
11:04 AM EST 11/18/19, MSFT, 149.395, -0.38%
11:04 AM EST 11/18/19, AMZN, 1741.8555, 0.14%
11:04 AM EST 11/18/19, GOOGL, 1320.58, -0.97%
11:05 AM EST 11/18/19, MSFT, 149.385, -0.39%
11:05 AM EST 11/18/19, AMZN, 1742.665, 0.18%
11:04 AM EST 11/18/19, GOOGL, 1320.15, -1.00%
11:06 AM EST 11/18/19, MSFT, 149.37, -0.40%
11:06 AM EST 11/18/19, AMZN, 1741.6531, 0.12%
11:06 AM EST 11/18/19, GOOGL, 1319.4364, -1.06%
11:07 AM EST 11/18/19, MSFT, 149.3457, -0.42%
11:07 AM EST 11/18/19, AMZN, 1742.435, 0.17%
11:07 AM EST 11/18/19, GOOGL, 1318.80, -1.11%
11:08 AM EST 11/18/19, MSFT, 149.32, -0.43%
11:08 AM EST 11/18/19, AMZN, 1744.20, 0.27%
11:08 AM EST 11/18/19, GOOGL, 1318.22, -1.15%
11:10 AM EST 11/18/19, MSFT, 149.3339, -0.42%
11:10 AM EST 11/18/19, AMZN, 1745.565, 0.35%
11:09 AM EST 11/18/19, GOOGL, 1318.571, -1.12%
11:11 AM EST 11/18/19, MSFT, 149.36, -0.41%
11:11 AM EST 11/18/19, AMZN, 1746.35, 0.39%
11:11 AM EST 11/18/19, GOOGL, 1320.5495, -0.97%
11:12 AM EST 11/18/19, MSFT, 149.43, -0.36%
11:12 AM EST 11/18/19, AMZN, 1748.00, 0.49%
11:11 AM EST 11/18/19, GOOGL, 1320.5495, -0.97%
11:13 AM EST 11/18/19, MSFT, 149.32, -0.43%
11:13 AM EST 11/18/19, AMZN, 1747.115, 0.44%
11:13 AM EST 11/18/19, GOOGL, 1320.83, -0.95%
11:14 AM EST 11/18/19, MSFT, 149.21, -0.51%
11:14 AM EST 11/18/19, AMZN, 1745.00, 0.32%
11:14 AM EST 11/18/19, GOOGL, 1319.45, -1.06%
11:15 AM EST 11/18/19, MSFT, 149.2747, -0.46%
11:15 AM EST 11/18/19, AMZN, 1744.4257, 0.28%
11:15 AM EST 11/18/19, GOOGL, 1318.72, -1.11%
11:17 AM EST 11/18/19, MSFT, 149.2776, -0.46%
11:16 AM EST 11/18/19, AMZN, 1744.6704, 0.30%
11:17 AM EST 11/18/19, GOOGL, 1318.9341, -1.10%
11:18 AM EST 11/18/19, MSFT, 149.285, -0.46%
11:18 AM EST 11/18/19, AMZN, 1744.40, 0.28%
11:18 AM EST 11/18/19, GOOGL, 1318.67, -1.12%
11:19 AM EST 11/18/19, MSFT, 149.2314, -0.49%
11:19 AM EST 11/18/19, AMZN, 1744.55, 0.29%
11:19 AM EST 11/18/19, GOOGL, 1318.67, -1.12%
11:20 AM EST 11/18/19, MSFT, 149.2653, -0.47%
11:20 AM EST 11/18/19, AMZN, 1744.575, 0.29%
11:20 AM EST 11/18/19, GOOGL, 1319.3625, -1.06%
11:21 AM EST 11/18/19, MSFT, 149.30, -0.45%
11:21 AM EST 11/18/19, AMZN, 1745.33, 0.34%
11:21 AM EST 11/18/19, GOOGL, 1320.00, -1.02%
11:22 AM EST 11/18/19, MSFT, 149.3317, -0.43%
11:22 AM EST 11/18/19, AMZN, 1746.25, 0.39%
11:22 AM EST 11/18/19, GOOGL, 1321.3075, -0.92%
11:23 AM EST 11/18/19, MSFT, 149.33, -0.43%
11:23 AM EST 11/18/19, AMZN, 1745.94, 0.37%
11:23 AM EST 11/18/19, GOOGL, 1321.44, -0.91%
11:25 AM EST 11/18/19, MSFT, 149.345, -0.42%
11:25 AM EST 11/18/19, AMZN, 1746.68, 0.41%
11:25 AM EST 11/18/19, GOOGL, 1322.39, -0.84%
11:26 AM EST 11/18/19, MSFT, 149.42, -0.37%
11:26 AM EST 11/18/19, AMZN, 1746.94, 0.43%
11:25 AM EST 11/18/19, GOOGL, 1323.38, -0.76%
11:27 AM EST 11/18/19, MSFT, 149.3475, -0.42%
11:27 AM EST 11/18/19, AMZN, 1746.2837, 0.39%
11:27 AM EST 11/18/19, GOOGL, 1324.00, -0.72%
11:28 AM EST 11/18/19, MSFT, 149.31, -0.44%
11:28 AM EST 11/18/19, AMZN, 1746.72, 0.42%
11:28 AM EST 11/18/19, GOOGL, 1324.585, -0.67%
11:29 AM EST 11/18/19, MSFT, 149.243, -0.48%
11:29 AM EST 11/18/19, AMZN, 1745.9821, 0.37%
11:29 AM EST 11/18/19, GOOGL, 1324.47, -0.68%
11:30 AM EST 11/18/19, MSFT, 149.25, -0.48%
11:30 AM EST 11/18/19, AMZN, 1746.99, 0.43%
11:30 AM EST 11/18/19, GOOGL, 1324.55, -0.67%
11:31 AM EST 11/18/19, MSFT, 149.21, -0.51%
11:31 AM EST 11/18/19, AMZN, 1747.41, 0.46%
11:31 AM EST 11/18/19, GOOGL, 1324.59, -0.67%
11:32 AM EST 11/18/19, MSFT, 149.235, -0.49%
11:32 AM EST 11/18/19, AMZN, 1746.55, 0.41%
11:32 AM EST 11/18/19, GOOGL, 1324.71, -0.66%
11:34 AM EST 11/18/19, MSFT, 149.305, -0.44%
11:34 AM EST 11/18/19, AMZN, 1747.14, 0.44%
11:34 AM EST 11/18/19, GOOGL, 1324.90, -0.65%
11:35 AM EST 11/18/19, MSFT, 149.41, -0.37%
11:34 AM EST 11/18/19, AMZN, 1747.04, 0.43%
11:34 AM EST 11/18/19, GOOGL, 1324.90, -0.65%
11:36 AM EST 11/18/19, MSFT, 149.4684, -0.33%
11:36 AM EST 11/18/19, AMZN, 1748.5116, 0.52%
11:36 AM EST 11/18/19, GOOGL, 1325.655, -0.59%
11:37 AM EST 11/18/19, MSFT, 149.52, -0.30%
11:37 AM EST 11/18/19, AMZN, 1748.09, 0.49%
11:37 AM EST 11/18/19, GOOGL, 1325.105, -0.63%
11:38 AM EST 11/18/19, MSFT, 149.475, -0.33%
11:38 AM EST 11/18/19, AMZN, 1748.59, 0.52%
11:38 AM EST 11/18/19, GOOGL, 1324.898, -0.65%
11:39 AM EST 11/18/19, MSFT, 149.50, -0.31%
11:39 AM EST 11/18/19, AMZN, 1749.24, 0.56%
11:39 AM EST 11/18/19, GOOGL, 1325.651, -0.59%
11:40 AM EST 11/18/19, MSFT, 149.5312, -0.29%
11:40 AM EST 11/18/19, AMZN, 1749.34, 0.57%
11:39 AM EST 11/18/19, GOOGL, 1325.651, -0.59%
11:42 AM EST 11/18/19, MSFT, 149.55, -0.28%
11:41 AM EST 11/18/19, AMZN, 1749.10, 0.55%
11:41 AM EST 11/18/19, GOOGL, 1326.14, -0.55%
11:43 AM EST 11/18/19, MSFT, 149.5675, -0.27%
11:42 AM EST 11/18/19, AMZN, 1748.59, 0.52%
11:42 AM EST 11/18/19, GOOGL, 1325.58, -0.60%
11:44 AM EST 11/18/19, MSFT, 149.595, -0.25%
11:44 AM EST 11/18/19, AMZN, 1748.16, 0.50%
11:44 AM EST 11/18/19, GOOGL, 1323.80, -0.73%
11:45 AM EST 11/18/19, MSFT, 149.665, -0.20%
11:45 AM EST 11/18/19, AMZN, 1748.3284, 0.51%
11:45 AM EST 11/18/19, GOOGL, 1323.26, -0.77%
11:46 AM EST 11/18/19, MSFT, 149.60, -0.25%
11:46 AM EST 11/18/19, AMZN, 1746.885, 0.43%
11:45 AM EST 11/18/19, GOOGL, 1322.96, -0.79%
11:47 AM EST 11/18/19, MSFT, 149.665, -0.20%
11:47 AM EST 11/18/19, AMZN, 1746.99, 0.43%
11:47 AM EST 11/18/19, GOOGL, 1323.7904, -0.73%
11:48 AM EST 11/18/19, MSFT, 149.79, -0.12%
11:48 AM EST 11/18/19, AMZN, 1747.00, 0.43%
11:48 AM EST 11/18/19, GOOGL, 1324.28, -0.69%
11:49 AM EST 11/18/19, MSFT, 149.7674, -0.14%
11:49 AM EST 11/18/19, AMZN, 1746.609, 0.41%
11:49 AM EST 11/18/19, GOOGL, 1324.28, -0.69%
11:51 AM EST 11/18/19, MSFT, 149.775, -0.13%
11:50 AM EST 11/18/19, AMZN, 1746.29, 0.39%
11:49 AM EST 11/18/19, GOOGL, 1324.28, -0.69%
11:52 AM EST 11/18/19, MSFT, 149.81, -0.11%
11:52 AM EST 11/18/19, AMZN, 1746.32, 0.39%
11:51 AM EST 11/18/19, GOOGL, 1324.18, -0.70%
11:53 AM EST 11/18/19, MSFT, 149.81, -0.11%
11:53 AM EST 11/18/19, AMZN, 1745.47, 0.34%
11:53 AM EST 11/18/19, GOOGL, 1323.37, -0.76%
11:54 AM EST 11/18/19, MSFT, 149.8073, -0.11%
11:54 AM EST 11/18/19, AMZN, 1746.055, 0.38%
11:54 AM EST 11/18/19, GOOGL, 1324.16, -0.70%
11:55 AM EST 11/18/19, MSFT, 149.81, -0.11%
11:55 AM EST 11/18/19, AMZN, 1745.745, 0.36%
11:55 AM EST 11/18/19, GOOGL, 1324.60, -0.67%
11:56 AM EST 11/18/19, MSFT, 149.82, -0.10%
11:56 AM EST 11/18/19, AMZN, 1745.30, 0.33%
11:56 AM EST 11/18/19, GOOGL, 1324.63, -0.67%
11:57 AM EST 11/18/19, MSFT, 149.82, -0.10%
11:57 AM EST 11/18/19, AMZN, 1745.221, 0.33%
11:57 AM EST 11/18/19, GOOGL, 1323.39, -0.76%
11:59 AM EST 11/18/19, MSFT, 149.8301, -0.09%
11:59 AM EST 11/18/19, AMZN, 1745.23, 0.33%
11:58 AM EST 11/18/19, GOOGL, 1323.58, -0.75%
12:00 PM EST 11/18/19, MSFT, 149.86, -0.07%
11:59 AM EST 11/18/19, AMZN, 1745.23, 0.33%
11:59 AM EST 11/18/19, GOOGL, 1322.99, -0.79%
12:01 PM EST 11/18/19, MSFT, 149.825, -0.10%
12:01 PM EST 11/18/19, AMZN, 1744.58, 0.29%
12:01 PM EST 11/18/19, GOOGL, 1322.3165, -0.84%
12:02 PM EST 11/18/19, MSFT, 149.865, -0.07%
12:02 PM EST 11/18/19, AMZN, 1744.4912, 0.29%
12:01 PM EST 11/18/19, GOOGL, 1322.3165, -0.84%
12:03 PM EST 11/18/19, MSFT, 149.905, -0.04%
12:03 PM EST 11/18/19, AMZN, 1744.69, 0.30%
12:03 PM EST 11/18/19, GOOGL, 1322.40, -0.84%
12:04 PM EST 11/18/19, MSFT, 149.9261, -0.03%
12:04 PM EST 11/18/19, AMZN, 1744.51, 0.29%
12:04 PM EST 11/18/19, GOOGL, 1322.42, -0.83%
12:05 PM EST 11/18/19, MSFT, 149.89, -0.05%
12:05 PM EST 11/18/19, AMZN, 1743.53, 0.23%
12:05 PM EST 11/18/19, GOOGL, 1322.28, -0.84%
12:07 PM EST 11/18/19, MSFT, 149.97, 0.00%
12:07 PM EST 11/18/19, AMZN, 1744.1121, 0.27%
12:07 PM EST 11/18/19, GOOGL, 1322.17, -0.85%
12:07 PM EST 11/18/19, MSFT, 150.005, 0.02%
12:08 PM EST 11/18/19, AMZN, 1743.9725, 0.26%
12:08 PM EST 11/18/19, GOOGL, 1322.765, -0.81%
12:09 PM EST 11/18/19, MSFT, 149.945, -0.02%
12:09 PM EST 11/18/19, AMZN, 1743.615, 0.24%
12:08 PM EST 11/18/19, GOOGL, 1322.49, -0.83%
12:10 PM EST 11/18/19, MSFT, 149.97, 0.00%
12:10 PM EST 11/18/19, AMZN, 1743.5637, 0.23%
12:10 PM EST 11/18/19, GOOGL, 1322.53, -0.83%
12:11 PM EST 11/18/19, MSFT, 149.94, -0.02%
12:11 PM EST 11/18/19, AMZN, 1744.98, 0.32%
12:10 PM EST 11/18/19, GOOGL, 1322.53, -0.83%
12:12 PM EST 11/18/19, MSFT, 149.85, -0.08%
12:12 PM EST 11/18/19, AMZN, 1744.80, 0.31%
12:12 PM EST 11/18/19, GOOGL, 1321.56, -0.90%
12:13 PM EST 11/18/19, MSFT, 149.84, -0.09%
12:13 PM EST 11/18/19, AMZN, 1745.77, 0.36%
12:13 PM EST 11/18/19, GOOGL, 1322.01, -0.86%
12:15 PM EST 11/18/19, MSFT, 149.85, -0.08%
12:14 PM EST 11/18/19, AMZN, 1746.24, 0.39%
12:14 PM EST 11/18/19, GOOGL, 1321.80, -0.88%
12:16 PM EST 11/18/19, MSFT, 149.8678, -0.07%
12:16 PM EST 11/18/19, AMZN, 1745.815, 0.36%
12:16 PM EST 11/18/19, GOOGL, 1321.7103, -0.89%
12:17 PM EST 11/18/19, MSFT, 149.82, -0.10%
12:17 PM EST 11/18/19, AMZN, 1744.69, 0.30%
12:16 PM EST 11/18/19, GOOGL, 1321.11, -0.93%
12:18 PM EST 11/18/19, MSFT, 149.84, -0.09%
12:18 PM EST 11/18/19, AMZN, 1744.86, 0.31%
12:16 PM EST 11/18/19, GOOGL, 1321.11, -0.93%
12:19 PM EST 11/18/19, MSFT, 149.85, -0.08%
12:19 PM EST 11/18/19, AMZN, 1744.95, 0.31%
12:19 PM EST 11/18/19, GOOGL, 1321.09, -0.93%
12:20 PM EST 11/18/19, MSFT, 149.87, -0.07%
12:20 PM EST 11/18/19, AMZN, 1744.59, 0.29%
12:20 PM EST 11/18/19, GOOGL, 1321.506, -0.90%
12:21 PM EST 11/18/19, MSFT, 149.88, -0.06%
12:21 PM EST 11/18/19, AMZN, 1744.3839, 0.28%
12:20 PM EST 11/18/19, GOOGL, 1321.506, -0.90%
12:22 PM EST 11/18/19, MSFT, 149.8783, -0.06%
12:22 PM EST 11/18/19, AMZN, 1743.25, 0.22%
12:22 PM EST 11/18/19, GOOGL, 1321.32, -0.92%
12:24 PM EST 11/18/19, MSFT, 149.88, -0.06%
12:24 PM EST 11/18/19, AMZN, 1742.455, 0.17%
12:22 PM EST 11/18/19, GOOGL, 1321.32, -0.92%
12:25 PM EST 11/18/19, MSFT, 149.8799, -0.06%
12:25 PM EST 11/18/19, AMZN, 1742.6906, 0.18%
12:22 PM EST 11/18/19, GOOGL, 1321.32, -0.92%
12:26 PM EST 11/18/19, MSFT, 149.86, -0.07%
12:26 PM EST 11/18/19, AMZN, 1741.69, 0.13%
12:26 PM EST 11/18/19, GOOGL, 1320.4617, -0.98%
12:27 PM EST 11/18/19, MSFT, 149.79, -0.12%
12:27 PM EST 11/18/19, AMZN, 1742.00, 0.14%
12:27 PM EST 11/18/19, GOOGL, 1319.74, -1.03%
12:28 PM EST 11/18/19, MSFT, 149.77, -0.13%
12:28 PM EST 11/18/19, AMZN, 1741.75, 0.13%
12:28 PM EST 11/18/19, GOOGL, 1319.77, -1.03%
12:29 PM EST 11/18/19, MSFT, 149.665, -0.20%
12:29 PM EST 11/18/19, AMZN, 1741.096, 0.09%
12:29 PM EST 11/18/19, GOOGL, 1318.7476, -1.11%
12:30 PM EST 11/18/19, MSFT, 149.66, -0.21%
12:30 PM EST 11/18/19, AMZN, 1740.015, 0.03%
12:30 PM EST 11/18/19, GOOGL, 1319.04, -1.09%
12:32 PM EST 11/18/19, MSFT, 149.66, -0.21%
12:31 PM EST 11/18/19, AMZN, 1740.14, 0.04%
12:32 PM EST 11/18/19, GOOGL, 1319.4412, -1.06%
12:33 PM EST 11/18/19, MSFT, 149.59, -0.25%
12:33 PM EST 11/18/19, AMZN, 1740.04, 0.03%
12:33 PM EST 11/18/19, GOOGL, 1319.5908, -1.05%
12:34 PM EST 11/18/19, MSFT, 149.63, -0.23%
12:33 PM EST 11/18/19, AMZN, 1739.96, 0.03%
12:34 PM EST 11/18/19, GOOGL, 1320.18, -1.00%
12:35 PM EST 11/18/19, MSFT, 149.635, -0.22%
12:35 PM EST 11/18/19, AMZN, 1740.32, 0.05%
12:35 PM EST 11/18/19, GOOGL, 1319.83, -1.03%
12:36 PM EST 11/18/19, MSFT, 149.62, -0.23%
12:36 PM EST 11/18/19, AMZN, 1740.22, 0.04%
12:36 PM EST 11/18/19, GOOGL, 1319.67, -1.04%
12:37 PM EST 11/18/19, MSFT, 149.643, -0.22%
12:37 PM EST 11/18/19, AMZN, 1740.43, 0.05%
12:37 PM EST 11/18/19, GOOGL, 1319.40, -1.06%
12:38 PM EST 11/18/19, MSFT, 149.69, -0.19%
12:38 PM EST 11/18/19, AMZN, 1741.39, 0.11%
12:38 PM EST 11/18/19, GOOGL, 1319.6296, -1.04%
12:39 PM EST 11/18/19, MSFT, 149.6953, -0.18%
12:40 PM EST 11/18/19, AMZN, 1741.65, 0.12%
12:40 PM EST 11/18/19, GOOGL, 1319.0189, -1.09%
12:41 PM EST 11/18/19, MSFT, 149.73, -0.16%
12:40 PM EST 11/18/19, AMZN, 1743.00, 0.20%
12:40 PM EST 11/18/19, GOOGL, 1319.0189, -1.09%
12:42 PM EST 11/18/19, MSFT, 149.6971, -0.18%
12:41 PM EST 11/18/19, AMZN, 1742.51, 0.17%
12:40 PM EST 11/18/19, GOOGL, 1319.0189, -1.09%
12:43 PM EST 11/18/19, MSFT, 149.69, -0.19%
12:42 PM EST 11/18/19, AMZN, 1741.8949, 0.14%
12:43 PM EST 11/18/19, GOOGL, 1318.98, -1.09%
12:44 PM EST 11/18/19, MSFT, 149.71, -0.17%
12:44 PM EST 11/18/19, AMZN, 1741.655, 0.12%
12:43 PM EST 11/18/19, GOOGL, 1319.60, -1.05%
12:45 PM EST 11/18/19, MSFT, 149.70, -0.18%
12:45 PM EST 11/18/19, AMZN, 1741.07, 0.09%
12:45 PM EST 11/18/19, GOOGL, 1319.25, -1.07%
12:46 PM EST 11/18/19, MSFT, 149.67, -0.20%
12:46 PM EST 11/18/19, AMZN, 1740.50, 0.06%
12:45 PM EST 11/18/19, GOOGL, 1318.81, -1.10%
12:47 PM EST 11/18/19, MSFT, 149.70, -0.18%
12:47 PM EST 11/18/19, AMZN, 1740.00, 0.03%
12:47 PM EST 11/18/19, GOOGL, 1318.85, -1.10%
12:49 PM EST 11/18/19, MSFT, 149.66, -0.21%
12:49 PM EST 11/18/19, AMZN, 1739.5798, 0.01%
12:48 PM EST 11/18/19, GOOGL, 1319.5943, -1.05%
12:50 PM EST 11/18/19, MSFT, 149.676, -0.20%
12:50 PM EST 11/18/19, AMZN, 1739.56, 0.00%
12:48 PM EST 11/18/19, GOOGL, 1319.5943, -1.05%
12:51 PM EST 11/18/19, MSFT, 149.7147, -0.17%
12:50 PM EST 11/18/19, AMZN, 1739.53, 0.00%
12:48 PM EST 11/18/19, GOOGL, 1319.5943, -1.05%
12:52 PM EST 11/18/19, MSFT, 149.6994, -0.18%
12:52 PM EST 11/18/19, AMZN, 1738.88, -0.04%
12:51 PM EST 11/18/19, GOOGL, 1319.47, -1.06%
12:53 PM EST 11/18/19, MSFT, 149.7044, -0.18%
12:52 PM EST 11/18/19, AMZN, 1738.88, -0.04%
12:51 PM EST 11/18/19, GOOGL, 1319.47, -1.06%
12:54 PM EST 11/18/19, MSFT, 149.685, -0.19%
12:54 PM EST 11/18/19, AMZN, 1738.21, -0.07%
12:54 PM EST 11/18/19, GOOGL, 1319.34, -1.06%
12:55 PM EST 11/18/19, MSFT, 149.71, -0.17%
12:55 PM EST 11/18/19, AMZN, 1738.9685, -0.03%
12:55 PM EST 11/18/19, GOOGL, 1319.34, -1.06%
12:57 PM EST 11/18/19, MSFT, 149.68, -0.19%
12:57 PM EST 11/18/19, AMZN, 1738.84, -0.04%
12:56 PM EST 11/18/19, GOOGL, 1319.27, -1.07%
12:58 PM EST 11/18/19, MSFT, 149.691, -0.19%
12:58 PM EST 11/18/19, AMZN, 1738.765, -0.04%
12:58 PM EST 11/18/19, GOOGL, 1319.00, -1.09%
12:59 PM EST 11/18/19, MSFT, 149.71, -0.17%
12:59 PM EST 11/18/19, AMZN, 1739.09, -0.02%
12:58 PM EST 11/18/19, GOOGL, 1319.00, -1.09%
1:00 PM EST 11/18/19, MSFT, 149.7153, -0.17%
1:00 PM EST 11/18/19, AMZN, 1738.77, -0.04%
1:00 PM EST 11/18/19, GOOGL, 1318.91, -1.10%
1:01 PM EST 11/18/19, MSFT, 149.70, -0.18%
1:01 PM EST 11/18/19, AMZN, 1739.15, -0.02%
1:00 PM EST 11/18/19, GOOGL, 1318.78, -1.11%
1:02 PM EST 11/18/19, MSFT, 149.71, -0.17%
1:02 PM EST 11/18/19, AMZN, 1737.80, -0.10%
1:02 PM EST 11/18/19, GOOGL, 1318.41, -1.13%
1:03 PM EST 11/18/19, MSFT, 149.71, -0.17%
1:03 PM EST 11/18/19, AMZN, 1737.995, -0.09%
1:03 PM EST 11/18/19, GOOGL, 1318.65, -1.12%
1:05 PM EST 11/18/19, MSFT, 149.74, -0.15%
1:04 PM EST 11/18/19, AMZN, 1738.28, -0.07%
1:03 PM EST 11/18/19, GOOGL, 1318.65, -1.12%
1:06 PM EST 11/18/19, MSFT, 149.72, -0.17%
1:05 PM EST 11/18/19, AMZN, 1738.88, -0.04%
1:03 PM EST 11/18/19, GOOGL, 1318.65, -1.12%
1:07 PM EST 11/18/19, MSFT, 149.72, -0.17%
1:07 PM EST 11/18/19, AMZN, 1738.47, -0.06%
1:03 PM EST 11/18/19, GOOGL, 1318.65, -1.12%
1:08 PM EST 11/18/19, MSFT, 149.70, -0.18%
1:08 PM EST 11/18/19, AMZN, 1739.03, -0.03%
1:08 PM EST 11/18/19, GOOGL, 1320.16, -1.00%
1:09 PM EST 11/18/19, MSFT, 149.686, -0.19%
1:08 PM EST 11/18/19, AMZN, 1738.56, -0.05%
1:08 PM EST 11/18/19, GOOGL, 1319.39, -1.06%
1:10 PM EST 11/18/19, MSFT, 149.70, -0.18%
1:10 PM EST 11/18/19, AMZN, 1739.02, -0.03%
1:09 PM EST 11/18/19, GOOGL, 1319.6707, -1.04%
1:11 PM EST 11/18/19, MSFT, 149.726, -0.16%
1:11 PM EST 11/18/19, AMZN, 1739.07, -0.02%
1:11 PM EST 11/18/19, GOOGL, 1319.855, -1.03%
1:12 PM EST 11/18/19, MSFT, 149.7699, -0.13%
1:12 PM EST 11/18/19, AMZN, 1739.595, 0.01%
1:12 PM EST 11/18/19, GOOGL, 1319.73, -1.04%
1:14 PM EST 11/18/19, MSFT, 149.7847, -0.12%
1:14 PM EST 11/18/19, AMZN, 1740.3173, 0.05%
1:12 PM EST 11/18/19, GOOGL, 1319.73, -1.04%
1:15 PM EST 11/18/19, MSFT, 149.765, -0.14%
1:15 PM EST 11/18/19, AMZN, 1740.55, 0.06%
1:12 PM EST 11/18/19, GOOGL, 1319.73, -1.04%
1:16 PM EST 11/18/19, MSFT, 149.79, -0.12%
1:16 PM EST 11/18/19, AMZN, 1740.54, 0.06%
1:15 PM EST 11/18/19, GOOGL, 1319.795, -1.03%
1:17 PM EST 11/18/19, MSFT, 149.8156, -0.10%
1:17 PM EST 11/18/19, AMZN, 1741.2998, 0.10%
1:17 PM EST 11/18/19, GOOGL, 1320.03, -1.01%
1:18 PM EST 11/18/19, MSFT, 149.82, -0.10%
1:18 PM EST 11/18/19, AMZN, 1741.59, 0.12%
1:18 PM EST 11/18/19, GOOGL, 1320.25, -1.00%
1:19 PM EST 11/18/19, MSFT, 149.83, -0.09%
1:19 PM EST 11/18/19, AMZN, 1741.4043, 0.11%
1:18 PM EST 11/18/19, GOOGL, 1320.1652, -1.00%
1:20 PM EST 11/18/19, MSFT, 149.8411, -0.09%
1:20 PM EST 11/18/19, AMZN, 1741.5564, 0.12%
1:20 PM EST 11/18/19, GOOGL, 1319.71, -1.04%
1:22 PM EST 11/18/19, MSFT, 149.89, -0.05%
1:22 PM EST 11/18/19, AMZN, 1741.88, 0.14%
1:20 PM EST 11/18/19, GOOGL, 1319.71, -1.04%
1:23 PM EST 11/18/19, MSFT, 149.8674, -0.07%
1:23 PM EST 11/18/19, AMZN, 1741.88, 0.14%
1:22 PM EST 11/18/19, GOOGL, 1319.4186, -1.06%
1:24 PM EST 11/18/19, MSFT, 149.875, -0.06%
1:24 PM EST 11/18/19, AMZN, 1742.0183, 0.15%
1:23 PM EST 11/18/19, GOOGL, 1319.81, -1.03%
1:25 PM EST 11/18/19, MSFT, 149.891, -0.05%
1:25 PM EST 11/18/19, AMZN, 1742.33, 0.16%
1:24 PM EST 11/18/19, GOOGL, 1319.60, -1.05%
1:26 PM EST 11/18/19, MSFT, 149.91, -0.04%
1:26 PM EST 11/18/19, AMZN, 1742.1812, 0.15%
1:24 PM EST 11/18/19, GOOGL, 1319.60, -1.05%
1:27 PM EST 11/18/19, MSFT, 149.94, -0.02%
1:27 PM EST 11/18/19, AMZN, 1742.1868, 0.16%
1:27 PM EST 11/18/19, GOOGL, 1319.90, -1.02%
1:28 PM EST 11/18/19, MSFT, 149.9458, -0.02%
1:28 PM EST 11/18/19, AMZN, 1742.0443, 0.15%
1:28 PM EST 11/18/19, GOOGL, 1319.53, -1.05%
1:30 PM EST 11/18/19, MSFT, 149.95, -0.01%
1:30 PM EST 11/18/19, AMZN, 1740.9428, 0.08%
1:29 PM EST 11/18/19, GOOGL, 1319.60, -1.05%
1:31 PM EST 11/18/19, MSFT, 149.9753, 0.00%
1:30 PM EST 11/18/19, AMZN, 1741.0105, 0.09%
1:31 PM EST 11/18/19, GOOGL, 1319.78, -1.03%
1:32 PM EST 11/18/19, MSFT, 150.00, 0.02%
1:32 PM EST 11/18/19, AMZN, 1740.52, 0.06%
1:32 PM EST 11/18/19, GOOGL, 1319.935, -1.02%
1:33 PM EST 11/18/19, MSFT, 150.075, 0.07%
1:33 PM EST 11/18/19, AMZN, 1740.91, 0.08%
1:33 PM EST 11/18/19, GOOGL, 1319.70, -1.04%
1:34 PM EST 11/18/19, MSFT, 150.1098, 0.09%
1:34 PM EST 11/18/19, AMZN, 1740.94, 0.08%
1:34 PM EST 11/18/19, GOOGL, 1319.69, -1.04%
1:35 PM EST 11/18/19, MSFT, 150.105, 0.09%
1:35 PM EST 11/18/19, AMZN, 1741.2286, 0.10%
1:35 PM EST 11/18/19, GOOGL, 1320.015, -1.01%
1:37 PM EST 11/18/19, MSFT, 150.14, 0.11%
1:36 PM EST 11/18/19, AMZN, 1741.181, 0.10%
1:37 PM EST 11/18/19, GOOGL, 1320.42, -0.98%
1:38 PM EST 11/18/19, MSFT, 150.15, 0.12%
1:37 PM EST 11/18/19, AMZN, 1741.015, 0.09%
1:37 PM EST 11/18/19, GOOGL, 1320.40, -0.99%
1:39 PM EST 11/18/19, MSFT, 150.1353, 0.11%
1:39 PM EST 11/18/19, AMZN, 1740.49, 0.06%
1:38 PM EST 11/18/19, GOOGL, 1319.7975, -1.03%
1:40 PM EST 11/18/19, MSFT, 150.18, 0.14%
1:39 PM EST 11/18/19, AMZN, 1740.72, 0.07%
1:39 PM EST 11/18/19, GOOGL, 1319.80, -1.03%
1:41 PM EST 11/18/19, MSFT, 150.1903, 0.15%
1:41 PM EST 11/18/19, AMZN, 1740.69, 0.07%
1:40 PM EST 11/18/19, GOOGL, 1319.82, -1.03%
1:42 PM EST 11/18/19, MSFT, 150.22, 0.17%
1:42 PM EST 11/18/19, AMZN, 1741.90, 0.14%
1:42 PM EST 11/18/19, GOOGL, 1320.38, -0.99%
1:43 PM EST 11/18/19, MSFT, 150.23, 0.17%
1:43 PM EST 11/18/19, AMZN, 1742.172, 0.15%
1:43 PM EST 11/18/19, GOOGL, 1321.50, -0.90%
1:45 PM EST 11/18/19, MSFT, 150.16, 0.13%
1:44 PM EST 11/18/19, AMZN, 1741.777, 0.13%
1:44 PM EST 11/18/19, GOOGL, 1320.82, -0.95%
1:46 PM EST 11/18/19, MSFT, 150.175, 0.14%
1:46 PM EST 11/18/19, AMZN, 1742.08, 0.15%
1:45 PM EST 11/18/19, GOOGL, 1321.018, -0.94%
1:47 PM EST 11/18/19, MSFT, 150.1768, 0.14%
1:47 PM EST 11/18/19, AMZN, 1742.1589, 0.15%
1:47 PM EST 11/18/19, GOOGL, 1320.56, -0.97%
1:48 PM EST 11/18/19, MSFT, 150.225, 0.17%
1:48 PM EST 11/18/19, AMZN, 1742.50, 0.17%
1:48 PM EST 11/18/19, GOOGL, 1321.06, -0.94%
1:49 PM EST 11/18/19, MSFT, 150.26, 0.19%
1:49 PM EST 11/18/19, AMZN, 1742.6021, 0.18%
1:48 PM EST 11/18/19, GOOGL, 1321.573, -0.90%
1:50 PM EST 11/18/19, MSFT, 150.251, 0.19%
1:50 PM EST 11/18/19, AMZN, 1742.02, 0.15%
1:48 PM EST 11/18/19, GOOGL, 1321.573, -0.90%
1:51 PM EST 11/18/19, MSFT, 150.2447, 0.18%
1:51 PM EST 11/18/19, AMZN, 1742.352, 0.16%
1:51 PM EST 11/18/19, GOOGL, 1321.4003, -0.91%
1:52 PM EST 11/18/19, MSFT, 150.24, 0.18%
1:52 PM EST 11/18/19, AMZN, 1742.07, 0.15%
1:52 PM EST 11/18/19, GOOGL, 1321.505, -0.90%
1:54 PM EST 11/18/19, MSFT, 150.22, 0.17%
1:53 PM EST 11/18/19, AMZN, 1742.31, 0.16%
1:53 PM EST 11/18/19, GOOGL, 1321.3845, -0.91%
1:55 PM EST 11/18/19, MSFT, 150.24, 0.18%
1:54 PM EST 11/18/19, AMZN, 1742.1669, 0.15%
1:53 PM EST 11/18/19, GOOGL, 1321.3845, -0.91%
1:56 PM EST 11/18/19, MSFT, 150.2618, 0.19%
1:56 PM EST 11/18/19, AMZN, 1742.66, 0.18%
1:56 PM EST 11/18/19, GOOGL, 1321.39, -0.91%
1:57 PM EST 11/18/19, MSFT, 150.2892, 0.21%
1:57 PM EST 11/18/19, AMZN, 1742.375, 0.17%
1:57 PM EST 11/18/19, GOOGL, 1321.24, -0.92%
1:58 PM EST 11/18/19, MSFT, 150.31, 0.23%
1:58 PM EST 11/18/19, AMZN, 1742.51, 0.17%
1:58 PM EST 11/18/19, GOOGL, 1320.81, -0.95%
1:59 PM EST 11/18/19, MSFT, 150.31, 0.23%
1:59 PM EST 11/18/19, AMZN, 1742.50, 0.17%
1:58 PM EST 11/18/19, GOOGL, 1320.81, -0.95%
2:00 PM EST 11/18/19, MSFT, 150.295, 0.22%
2:00 PM EST 11/18/19, AMZN, 1742.00, 0.14%
2:00 PM EST 11/18/19, GOOGL, 1321.00, -0.94%
2:02 PM EST 11/18/19, MSFT, 150.25, 0.19%
2:01 PM EST 11/18/19, AMZN, 1741.48, 0.11%
2:01 PM EST 11/18/19, GOOGL, 1320.86, -0.95%
2:03 PM EST 11/18/19, MSFT, 150.225, 0.17%
2:03 PM EST 11/18/19, AMZN, 1741.01, 0.09%
2:02 PM EST 11/18/19, GOOGL, 1320.5564, -0.97%
2:04 PM EST 11/18/19, MSFT, 150.21, 0.16%
2:03 PM EST 11/18/19, AMZN, 1741.18, 0.10%
2:03 PM EST 11/18/19, GOOGL, 1320.86, -0.95%
2:05 PM EST 11/18/19, MSFT, 150.2284, 0.17%
2:04 PM EST 11/18/19, AMZN, 1741.00, 0.09%
2:04 PM EST 11/18/19, GOOGL, 1321.03, -0.94%
2:06 PM EST 11/18/19, MSFT, 150.27, 0.20%
2:05 PM EST 11/18/19, AMZN, 1740.9901, 0.09%
2:05 PM EST 11/18/19, GOOGL, 1321.0352, -0.94%
2:07 PM EST 11/18/19, MSFT, 150.27, 0.20%
2:07 PM EST 11/18/19, AMZN, 1741.49, 0.11%
2:07 PM EST 11/18/19, GOOGL, 1321.705, -0.89%
2:08 PM EST 11/18/19, MSFT, 150.295, 0.22%
2:08 PM EST 11/18/19, AMZN, 1741.71, 0.13%
2:07 PM EST 11/18/19, GOOGL, 1321.62, -0.89%
2:09 PM EST 11/18/19, MSFT, 150.33, 0.24%
2:09 PM EST 11/18/19, AMZN, 1742.195, 0.16%
2:09 PM EST 11/18/19, GOOGL, 1321.7094, -0.89%
2:11 PM EST 11/18/19, MSFT, 150.36, 0.26%
2:10 PM EST 11/18/19, AMZN, 1742.50, 0.17%
2:10 PM EST 11/18/19, GOOGL, 1321.40, -0.91%
2:12 PM EST 11/18/19, MSFT, 150.37, 0.27%
2:11 PM EST 11/18/19, AMZN, 1742.62, 0.18%
2:12 PM EST 11/18/19, GOOGL, 1321.6832, -0.89%
2:13 PM EST 11/18/19, MSFT, 150.34, 0.25%
2:13 PM EST 11/18/19, AMZN, 1742.79, 0.19%
2:13 PM EST 11/18/19, GOOGL, 1321.44, -0.91%
2:14 PM EST 11/18/19, MSFT, 150.3313, 0.24%
2:14 PM EST 11/18/19, AMZN, 1742.35, 0.16%
2:13 PM EST 11/18/19, GOOGL, 1321.4217, -0.91%
2:15 PM EST 11/18/19, MSFT, 150.3669, 0.26%
2:15 PM EST 11/18/19, AMZN, 1743.36, 0.22%
2:15 PM EST 11/18/19, GOOGL, 1321.30, -0.92%
2:16 PM EST 11/18/19, MSFT, 150.36, 0.26%
2:16 PM EST 11/18/19, AMZN, 1744.73, 0.30%
2:15 PM EST 11/18/19, GOOGL, 1321.30, -0.92%
2:18 PM EST 11/18/19, MSFT, 150.3647, 0.26%
2:17 PM EST 11/18/19, AMZN, 1744.48, 0.29%
2:17 PM EST 11/18/19, GOOGL, 1321.2605, -0.92%
2:19 PM EST 11/18/19, MSFT, 150.37, 0.27%
2:19 PM EST 11/18/19, AMZN, 1744.54, 0.29%
2:18 PM EST 11/18/19, GOOGL, 1321.25, -0.92%
2:20 PM EST 11/18/19, MSFT, 150.3653, 0.26%
2:20 PM EST 11/18/19, AMZN, 1746.21, 0.39%
2:20 PM EST 11/18/19, GOOGL, 1321.51, -0.90%
2:21 PM EST 11/18/19, MSFT, 150.4253, 0.30%
2:21 PM EST 11/18/19, AMZN, 1746.88, 0.42%
2:20 PM EST 11/18/19, GOOGL, 1321.51, -0.90%
2:22 PM EST 11/18/19, MSFT, 150.495, 0.35%
2:22 PM EST 11/18/19, AMZN, 1747.22, 0.44%
2:22 PM EST 11/18/19, GOOGL, 1321.99, -0.87%
2:23 PM EST 11/18/19, MSFT, 150.525, 0.37%
2:23 PM EST 11/18/19, AMZN, 1747.14, 0.44%
2:23 PM EST 11/18/19, GOOGL, 1322.955, -0.79%
2:25 PM EST 11/18/19, MSFT, 150.49, 0.35%
2:24 PM EST 11/18/19, AMZN, 1747.00, 0.43%
2:24 PM EST 11/18/19, GOOGL, 1322.915, -0.80%
2:26 PM EST 11/18/19, MSFT, 150.50, 0.35%
2:25 PM EST 11/18/19, AMZN, 1747.1828, 0.44%
2:26 PM EST 11/18/19, GOOGL, 1323.35, -0.76%
2:27 PM EST 11/18/19, MSFT, 150.435, 0.31%
2:27 PM EST 11/18/19, AMZN, 1746.9976, 0.43%
2:27 PM EST 11/18/19, GOOGL, 1322.74, -0.81%
2:28 PM EST 11/18/19, MSFT, 150.425, 0.30%
2:28 PM EST 11/18/19, AMZN, 1747.51, 0.46%
2:28 PM EST 11/18/19, GOOGL, 1322.935, -0.80%
2:29 PM EST 11/18/19, MSFT, 150.42, 0.30%
2:29 PM EST 11/18/19, AMZN, 1748.17, 0.50%
2:29 PM EST 11/18/19, GOOGL, 1323.03, -0.79%
2:30 PM EST 11/18/19, MSFT, 150.41, 0.29%
2:30 PM EST 11/18/19, AMZN, 1749.16, 0.56%
2:30 PM EST 11/18/19, GOOGL, 1323.4399, -0.76%
2:31 PM EST 11/18/19, MSFT, 150.42, 0.30%
2:31 PM EST 11/18/19, AMZN, 1749.02, 0.55%
2:31 PM EST 11/18/19, GOOGL, 1323.21, -0.77%
2:32 PM EST 11/18/19, MSFT, 150.43, 0.31%
2:32 PM EST 11/18/19, AMZN, 1749.79, 0.59%
2:32 PM EST 11/18/19, GOOGL, 1323.63, -0.74%
2:34 PM EST 11/18/19, MSFT, 150.42, 0.30%
2:34 PM EST 11/18/19, AMZN, 1750.86, 0.65%
2:33 PM EST 11/18/19, GOOGL, 1323.26, -0.77%
2:35 PM EST 11/18/19, MSFT, 150.42, 0.30%
2:35 PM EST 11/18/19, AMZN, 1750.9999, 0.66%
2:34 PM EST 11/18/19, GOOGL, 1323.14, -0.78%
2:36 PM EST 11/18/19, MSFT, 150.425, 0.30%
2:36 PM EST 11/18/19, AMZN, 1751.2255, 0.67%
2:36 PM EST 11/18/19, GOOGL, 1323.37, -0.76%
2:37 PM EST 11/18/19, MSFT, 150.44, 0.31%
2:37 PM EST 11/18/19, AMZN, 1751.01, 0.66%
2:37 PM EST 11/18/19, GOOGL, 1323.09, -0.78%
2:38 PM EST 11/18/19, MSFT, 150.405, 0.29%
2:38 PM EST 11/18/19, AMZN, 1751.2756, 0.68%
2:38 PM EST 11/18/19, GOOGL, 1322.9916, -0.79%
2:39 PM EST 11/18/19, MSFT, 150.41, 0.29%
2:39 PM EST 11/18/19, AMZN, 1751.95, 0.72%
2:39 PM EST 11/18/19, GOOGL, 1323.13, -0.78%
2:41 PM EST 11/18/19, MSFT, 150.4502, 0.32%
2:41 PM EST 11/18/19, AMZN, 1752.50, 0.75%
2:41 PM EST 11/18/19, GOOGL, 1324.57, -0.67%
2:42 PM EST 11/18/19, MSFT, 150.445, 0.32%
2:42 PM EST 11/18/19, AMZN, 1752.59, 0.75%
2:41 PM EST 11/18/19, GOOGL, 1324.57, -0.67%
2:43 PM EST 11/18/19, MSFT, 150.435, 0.31%
2:43 PM EST 11/18/19, AMZN, 1752.78, 0.76%
2:43 PM EST 11/18/19, GOOGL, 1324.52, -0.68%
2:44 PM EST 11/18/19, MSFT, 150.4073, 0.29%
2:44 PM EST 11/18/19, AMZN, 1752.69, 0.76%
2:43 PM EST 11/18/19, GOOGL, 1324.38, -0.69%
2:45 PM EST 11/18/19, MSFT, 150.43, 0.31%
2:45 PM EST 11/18/19, AMZN, 1752.6493, 0.76%
2:45 PM EST 11/18/19, GOOGL, 1325.00, -0.64%
2:46 PM EST 11/18/19, MSFT, 150.445, 0.32%
2:46 PM EST 11/18/19, AMZN, 1752.805, 0.77%
2:46 PM EST 11/18/19, GOOGL, 1324.51, -0.68%
2:47 PM EST 11/18/19, MSFT, 150.43, 0.31%
2:47 PM EST 11/18/19, AMZN, 1752.48, 0.75%
2:47 PM EST 11/18/19, GOOGL, 1324.702, -0.66%
2:48 PM EST 11/18/19, MSFT, 150.41, 0.29%
2:49 PM EST 11/18/19, AMZN, 1750.6798, 0.64%
2:48 PM EST 11/18/19, GOOGL, 1324.185, -0.70%
2:50 PM EST 11/18/19, MSFT, 150.3801, 0.27%
2:49 PM EST 11/18/19, AMZN, 1750.28, 0.62%
2:49 PM EST 11/18/19, GOOGL, 1323.365, -0.76%
2:51 PM EST 11/18/19, MSFT, 150.335, 0.24%
2:51 PM EST 11/18/19, AMZN, 1749.574, 0.58%
2:50 PM EST 11/18/19, GOOGL, 1323.47, -0.76%
2:52 PM EST 11/18/19, MSFT, 150.29, 0.21%
2:52 PM EST 11/18/19, AMZN, 1748.4935, 0.52%
2:51 PM EST 11/18/19, GOOGL, 1323.57, -0.75%
2:53 PM EST 11/18/19, MSFT, 150.33, 0.24%
2:53 PM EST 11/18/19, AMZN, 1750.125, 0.61%
2:51 PM EST 11/18/19, GOOGL, 1323.57, -0.75%
2:54 PM EST 11/18/19, MSFT, 150.415, 0.30%
2:54 PM EST 11/18/19, AMZN, 1749.5133, 0.58%
2:54 PM EST 11/18/19, GOOGL, 1323.695, -0.74%
2:55 PM EST 11/18/19, MSFT, 150.43, 0.31%
2:55 PM EST 11/18/19, AMZN, 1749.1195, 0.55%
2:55 PM EST 11/18/19, GOOGL, 1323.61, -0.74%
2:56 PM EST 11/18/19, MSFT, 150.43, 0.31%
2:56 PM EST 11/18/19, AMZN, 1749.0258, 0.55%
2:56 PM EST 11/18/19, GOOGL, 1323.89, -0.72%
2:58 PM EST 11/18/19, MSFT, 150.40, 0.29%
2:57 PM EST 11/18/19, AMZN, 1749.03, 0.55%
2:57 PM EST 11/18/19, GOOGL, 1323.54, -0.75%
2:59 PM EST 11/18/19, MSFT, 150.42, 0.30%
2:59 PM EST 11/18/19, AMZN, 1748.0974, 0.49%
2:58 PM EST 11/18/19, GOOGL, 1323.16, -0.78%
3:00 PM EST 11/18/19, MSFT, 150.385, 0.28%
3:00 PM EST 11/18/19, AMZN, 1749.00, 0.55%
3:00 PM EST 11/18/19, GOOGL, 1323.8936, -0.72%
3:01 PM EST 11/18/19, MSFT, 150.40, 0.29%
3:01 PM EST 11/18/19, AMZN, 1749.52, 0.58%
3:01 PM EST 11/18/19, GOOGL, 1323.29, -0.77%
3:02 PM EST 11/18/19, MSFT, 150.39, 0.28%
3:02 PM EST 11/18/19, AMZN, 1748.60, 0.52%
3:02 PM EST 11/18/19, GOOGL, 1322.19, -0.85%
3:03 PM EST 11/18/19, MSFT, 150.41, 0.29%
3:03 PM EST 11/18/19, AMZN, 1748.78, 0.53%
3:03 PM EST 11/18/19, GOOGL, 1322.6071, -0.82%
3:05 PM EST 11/18/19, MSFT, 150.395, 0.28%
3:05 PM EST 11/18/19, AMZN, 1748.467, 0.52%
3:04 PM EST 11/18/19, GOOGL, 1322.745, -0.81%
3:06 PM EST 11/18/19, MSFT, 150.365, 0.26%
3:06 PM EST 11/18/19, AMZN, 1748.9795, 0.55%
3:05 PM EST 11/18/19, GOOGL, 1322.845, -0.80%
3:07 PM EST 11/18/19, MSFT, 150.355, 0.26%
3:07 PM EST 11/18/19, AMZN, 1749.6474, 0.58%
3:07 PM EST 11/18/19, GOOGL, 1323.42, -0.76%
3:08 PM EST 11/18/19, MSFT, 150.32, 0.23%
3:08 PM EST 11/18/19, AMZN, 1751.00, 0.66%
3:08 PM EST 11/18/19, GOOGL, 1323.59, -0.75%
3:09 PM EST 11/18/19, MSFT, 150.31, 0.23%
3:09 PM EST 11/18/19, AMZN, 1750.99, 0.66%
3:08 PM EST 11/18/19, GOOGL, 1323.28, -0.77%
3:10 PM EST 11/18/19, MSFT, 150.26, 0.19%
3:10 PM EST 11/18/19, AMZN, 1751.21, 0.67%
3:10 PM EST 11/18/19, GOOGL, 1323.195, -0.78%
3:11 PM EST 11/18/19, MSFT, 150.2772, 0.20%
3:11 PM EST 11/18/19, AMZN, 1752.22, 0.73%
3:11 PM EST 11/18/19, GOOGL, 1323.16, -0.78%
3:12 PM EST 11/18/19, MSFT, 150.30, 0.22%
3:12 PM EST 11/18/19, AMZN, 1752.0634, 0.72%
3:12 PM EST 11/18/19, GOOGL, 1323.16, -0.78%
3:14 PM EST 11/18/19, MSFT, 150.3067, 0.22%
3:14 PM EST 11/18/19, AMZN, 1752.80, 0.77%
3:13 PM EST 11/18/19, GOOGL, 1323.18, -0.78%
3:15 PM EST 11/18/19, MSFT, 150.235, 0.18%
3:15 PM EST 11/18/19, AMZN, 1752.96, 0.77%
3:14 PM EST 11/18/19, GOOGL, 1323.16, -0.78%
3:16 PM EST 11/18/19, MSFT, 150.172, 0.13%
3:16 PM EST 11/18/19, AMZN, 1752.99, 0.78%
3:16 PM EST 11/18/19, GOOGL, 1322.03, -0.86%
3:17 PM EST 11/18/19, MSFT, 150.115, 0.10%
3:17 PM EST 11/18/19, AMZN, 1750.8576, 0.65%
3:17 PM EST 11/18/19, GOOGL, 1321.53, -0.90%
3:18 PM EST 11/18/19, MSFT, 150.08, 0.07%
3:18 PM EST 11/18/19, AMZN, 1749.4098, 0.57%
3:18 PM EST 11/18/19, GOOGL, 1320.925, -0.95%
3:19 PM EST 11/18/19, MSFT, 150.12, 0.10%
3:19 PM EST 11/18/19, AMZN, 1749.58, 0.58%
3:19 PM EST 11/18/19, GOOGL, 1321.33, -0.92%
3:21 PM EST 11/18/19, MSFT, 150.12, 0.10%
3:20 PM EST 11/18/19, AMZN, 1750.00, 0.60%
3:20 PM EST 11/18/19, GOOGL, 1321.51, -0.90%
3:21 PM EST 11/18/19, MSFT, 150.15, 0.12%
3:22 PM EST 11/18/19, AMZN, 1750.4357, 0.63%
3:22 PM EST 11/18/19, GOOGL, 1322.105, -0.86%
3:23 PM EST 11/18/19, MSFT, 150.18, 0.14%
3:23 PM EST 11/18/19, AMZN, 1749.95, 0.60%
3:22 PM EST 11/18/19, GOOGL, 1321.65, -0.89%
3:24 PM EST 11/18/19, MSFT, 150.1683, 0.13%
3:24 PM EST 11/18/19, AMZN, 1749.02, 0.55%
3:23 PM EST 11/18/19, GOOGL, 1321.915, -0.87%
3:25 PM EST 11/18/19, MSFT, 150.1947, 0.15%
3:25 PM EST 11/18/19, AMZN, 1749.15, 0.56%
3:25 PM EST 11/18/19, GOOGL, 1321.9125, -0.87%
3:26 PM EST 11/18/19, MSFT, 150.20, 0.15%
3:26 PM EST 11/18/19, AMZN, 1749.00, 0.55%
3:26 PM EST 11/18/19, GOOGL, 1321.895, -0.87%
3:27 PM EST 11/18/19, MSFT, 150.179, 0.14%
3:27 PM EST 11/18/19, AMZN, 1749.3846, 0.57%
3:27 PM EST 11/18/19, GOOGL, 1321.81, -0.88%
3:28 PM EST 11/18/19, MSFT, 150.1934, 0.15%
3:28 PM EST 11/18/19, AMZN, 1749.66, 0.58%
3:28 PM EST 11/18/19, GOOGL, 1321.81, -0.88%
3:30 PM EST 11/18/19, MSFT, 150.19, 0.15%
3:30 PM EST 11/18/19, AMZN, 1748.98, 0.55%
3:30 PM EST 11/18/19, GOOGL, 1321.73, -0.89%
3:31 PM EST 11/18/19, MSFT, 150.1247, 0.10%
3:31 PM EST 11/18/19, AMZN, 1748.72, 0.53%
3:31 PM EST 11/18/19, GOOGL, 1321.18, -0.93%
3:32 PM EST 11/18/19, MSFT, 150.14, 0.11%
3:32 PM EST 11/18/19, AMZN, 1748.90, 0.54%
3:32 PM EST 11/18/19, GOOGL, 1320.77, -0.96%
3:33 PM EST 11/18/19, MSFT, 150.1447, 0.12%
3:33 PM EST 11/18/19, AMZN, 1749.06, 0.55%
3:33 PM EST 11/18/19, GOOGL, 1320.75, -0.96%
3:34 PM EST 11/18/19, MSFT, 150.155, 0.12%
3:34 PM EST 11/18/19, AMZN, 1748.58, 0.52%
3:34 PM EST 11/18/19, GOOGL, 1320.76, -0.96%
3:35 PM EST 11/18/19, MSFT, 150.19, 0.15%
3:35 PM EST 11/18/19, AMZN, 1748.91, 0.54%
3:35 PM EST 11/18/19, GOOGL, 1320.565, -0.97%
3:36 PM EST 11/18/19, MSFT, 150.12, 0.10%
3:36 PM EST 11/18/19, AMZN, 1748.46, 0.52%
3:36 PM EST 11/18/19, GOOGL, 1320.53, -0.98%
3:38 PM EST 11/18/19, MSFT, 150.125, 0.10%
3:38 PM EST 11/18/19, AMZN, 1747.51, 0.46%
3:37 PM EST 11/18/19, GOOGL, 1320.89, -0.95%
3:39 PM EST 11/18/19, MSFT, 150.125, 0.10%
3:39 PM EST 11/18/19, AMZN, 1749.7091, 0.59%
3:39 PM EST 11/18/19, GOOGL, 1321.50, -0.90%
3:40 PM EST 11/18/19, MSFT, 150.14, 0.11%
3:40 PM EST 11/18/19, AMZN, 1750.46, 0.63%
3:40 PM EST 11/18/19, GOOGL, 1321.57, -0.90%
3:41 PM EST 11/18/19, MSFT, 150.095, 0.08%
3:41 PM EST 11/18/19, AMZN, 1749.95, 0.60%
3:41 PM EST 11/18/19, GOOGL, 1321.37, -0.91%
3:42 PM EST 11/18/19, MSFT, 150.10, 0.09%
3:42 PM EST 11/18/19, AMZN, 1750.285, 0.62%
3:42 PM EST 11/18/19, GOOGL, 1321.00, -0.94%
3:43 PM EST 11/18/19, MSFT, 150.12, 0.10%
3:43 PM EST 11/18/19, AMZN, 1749.84, 0.60%
3:43 PM EST 11/18/19, GOOGL, 1320.06, -1.01%
3:45 PM EST 11/18/19, MSFT, 150.12, 0.10%
3:44 PM EST 11/18/19, AMZN, 1750.16, 0.61%
3:45 PM EST 11/18/19, GOOGL, 1319.66, -1.04%
3:46 PM EST 11/18/19, MSFT, 150.115, 0.10%
3:46 PM EST 11/18/19, AMZN, 1750.705, 0.64%
3:46 PM EST 11/18/19, GOOGL, 1318.84, -1.10%
3:47 PM EST 11/18/19, MSFT, 150.11, 0.09%
3:47 PM EST 11/18/19, AMZN, 1749.83, 0.59%
3:46 PM EST 11/18/19, GOOGL, 1319.04, -1.09%
3:48 PM EST 11/18/19, MSFT, 150.13, 0.11%
3:48 PM EST 11/18/19, AMZN, 1749.51, 0.58%
3:48 PM EST 11/18/19, GOOGL, 1319.02, -1.09%
3:49 PM EST 11/18/19, MSFT, 150.1334, 0.11%
3:49 PM EST 11/18/19, AMZN, 1749.865, 0.60%
3:49 PM EST 11/18/19, GOOGL, 1317.60, -1.20%
3:50 PM EST 11/18/19, MSFT, 150.19, 0.15%
3:50 PM EST 11/18/19, AMZN, 1750.52, 0.63%
3:50 PM EST 11/18/19, GOOGL, 1317.30, -1.22%
3:52 PM EST 11/18/19, MSFT, 150.17, 0.13%
3:52 PM EST 11/18/19, AMZN, 1750.74, 0.65%
3:52 PM EST 11/18/19, GOOGL, 1316.40, -1.29%
3:53 PM EST 11/18/19, MSFT, 150.22, 0.17%
3:53 PM EST 11/18/19, AMZN, 1751.99, 0.72%
3:53 PM EST 11/18/19, GOOGL, 1317.01, -1.24%
3:54 PM EST 11/18/19, MSFT, 150.24, 0.18%
3:54 PM EST 11/18/19, AMZN, 1752.185, 0.73%
3:54 PM EST 11/18/19, GOOGL, 1316.94, -1.24%
3:55 PM EST 11/18/19, MSFT, 150.22, 0.17%
3:55 PM EST 11/18/19, AMZN, 1751.79, 0.71%
3:55 PM EST 11/18/19, GOOGL, 1317.68, -1.19%
3:56 PM EST 11/18/19, MSFT, 150.135, 0.11%
3:56 PM EST 11/18/19, AMZN, 1752.18, 0.73%
3:56 PM EST 11/18/19, GOOGL, 1317.54, -1.20%
3:57 PM EST 11/18/19, MSFT, 150.115, 0.10%
3:57 PM EST 11/18/19, AMZN, 1752.42, 0.74%
3:57 PM EST 11/18/19, GOOGL, 1317.00, -1.24%
3:58 PM EST 11/18/19, MSFT, 150.1738, 0.14%
3:58 PM EST 11/18/19, AMZN, 1752.42, 0.74%
3:58 PM EST 11/18/19, GOOGL, 1317.70, -1.19%
3:59 PM EST 11/18/19, MSFT, 150.29, 0.21%
3:59 PM EST 11/18/19, AMZN, 1752.67, 0.76%
3:59 PM EST 11/18/19, GOOGL, 1320.03, -1.01%
4:00 PM EST 11/18/19, MSFT, 150.34, 0.25%
4:00 PM EST 11/18/19, AMZN, 1752.53, 0.75%
4:00 PM EST 11/18/19, GOOGL, 1319.84, -1.03%
